Workbook

Sheet Summary
A1: UCH Game Performance — test log
A2: Automated in-game benchmarks of the "UCH Game Performance" mod (author: nexus) on Ultimate Chicken Horse. Test map: UCH level code 800M-VDMW (a real map plus every block placed in competitive play). PC: Ryzen 5 5600X, RTX 4060, 1920x1080, free play, 1 player, FPS cap lifted. All numbers below are averages over the listed runs, calculated live from the "All Runs" sheet.
A4: 1. Final result — comp test map (heavy, real-map style)
A5: Map with every block placed in competitive play (2,848 blocks, 2,924 physics bodies). 30 s per run, restart per run, FPS cap lifted. This is the headline comparison.
A6: Configuration | B6: Runs | C6: Mean FPS | D6: p95 frame (ms) | E6: p99 frame (ms) | F6: Max frame (ms) | G6: Frames >8.33 ms | H6: Physics-step frame (ms) | I6: Frame without step (ms) | J6: FPS vs first row
A7: Vanilla (mod switched off) | B7: =COUNTIFS('All Runs'!$D$2:$D$38,"Final A/B (2.3.0)",'All Runs'!$F$2:$F$38,"Vanilla (perf mod switched off)") -> 2 | C7: =IFERROR(AVERAGEIFS('All Runs'!$J$2:$J$38,'All Runs'!$D$2:$D$38,"Final A/B (2.3.0)",'All Runs'!$F$2:$F$38,"Vanilla (perf mod switched off)"),"-") -> 67.56 | D7: =IFERROR(AVERAGEIFS('All Runs'!$L$2:$L$38,'All Runs'!$D$2:$D$38,"Final A/B (2.3.0)",'All Runs'!$F$2:$F$38,"Vanilla (perf mod switched off)"),"-") -> 19.345 | E7: =IFERROR(AVERAGEIFS('All Runs'!$M$2:$M$38,'All Runs'!$D$2:$D$38,"Final A/B (2.3.0)",'All Runs'!$F$2:$F$38,"Vanilla (perf mod switched off)"),"-") -> 28.3985 | F7: =IFERROR(AVERAGEIFS('All Runs'!$N$2:$N$38,'All Runs'!$D$2:$D$38,"Final A/B (2.3.0)",'All Runs'!$F$2:$F$38,"Vanilla (perf mod switched off)"),"-") -> 41.0675 | G7: =IFERROR(AVERAGEIFS('All Runs'!$P$2:$P$38,'All Runs'!$D$2:$D$38,"Final A/B (2.3.0)",'All Runs'!$F$2:$F$38,"Vanilla (perf mod switched off)"),"-") -> 1772 | H7: =IFERROR(AVERAGEIFS('All Runs'!$R$2:$R$38,'All Runs'!$D$2:$D$38,"Final A/B (2.3.0)",'All Runs'!$F$2:$F$38,"Vanilla (perf mod switched off)"),"-") -> 16.297242 | I7: =IFERROR(AVERAGEIFS('All Runs'!$S$2:$S$38,'All Runs'!$D$2:$D$38,"Final A/B (2.3.0)",'All Runs'!$F$2:$F$38,"Vanilla (perf mod switched off)"),"-") -> 4.3963564 | J7: =IFERROR(C7/C$7,"-") -> 1
A8: 2.2.0 level (2.3 features off) | B8: =COUNTIFS('All Runs'!$D$2:$D$38,"Final A/B (2.3.0)",'All Runs'!$F$2:$F$38,"2.2-equivalent (2.3 features off)") -> 2 | C8: =IFERROR(AVERAGEIFS('All Runs'!$J$2:$J$38,'All Runs'!$D$2:$D$38,"Final A/B (2.3.0)",'All Runs'!$F$2:$F$38,"2.2-equivalent (2.3 features off)"),"-") -> 206.42 | D8: =IFERROR(AVERAGEIFS('All Runs'!$L$2:$L$38,'All Runs'!$D$2:$D$38,"Final A/B (2.3.0)",'All Runs'!$F$2:$F$38,"2.2-equivalent (2.3 features off)"),"-") -> 10.497 | E8: =IFERROR(AVERAGEIFS('All Runs'!$M$2:$M$38,'All Runs'!$D$2:$D$38,"Final A/B (2.3.0)",'All Runs'!$F$2:$F$38,"2.2-equivalent (2.3 features off)"),"-") -> 11.919 | F8: =IFERROR(AVERAGEIFS('All Runs'!$N$2:$N$38,'All Runs'!$D$2:$D$38,"Final A/B (2.3.0)",'All Runs'!$F$2:$F$38,"2.2-equivalent (2.3 features off)"),"-") -> 22.0425 | G8: =IFERROR(AVERAGEIFS('All Runs'!$P$2:$P$38,'All Runs'!$D$2:$D$38,"Final A/B (2.3.0)",'All Runs'!$F$2:$F$38,"2.2-equivalent (2.3 features off)"),"-") -> 1795.5 | H8: =IFERROR(AVERAGEIFS('All Runs'!$R$2:$R$38,'All Runs'!$D$2:$D$38,"Final A/B (2.3.0)",'All Runs'!$F$2:$F$38,"2.2-equivalent (2.3 features off)"),"-") -> 9.7123837 | I8: =IFERROR(AVERAGEIFS('All Runs'!$S$2:$S$38,'All Runs'!$D$2:$D$38,"Final A/B (2.3.0)",'All Runs'!$F$2:$F$38,"2.2-equivalent (2.3 features off)"),"-") -> 2.8463717 | J8: =IFERROR(C8/C$7,"-") -> 3.0553582
A9: 2.3.0 (all features) | B9: =COUNTIFS('All Runs'!$D$2:$D$38,"Final A/B (2.3.0)",'All Runs'!$F$2:$F$38,"2.3.0 full") -> 2 | C9: =IFERROR(AVERAGEIFS('All Runs'!$J$2:$J$38,'All Runs'!$D$2:$D$38,"Final A/B (2.3.0)",'All Runs'!$F$2:$F$38,"2.3.0 full"),"-") -> 271.945 | D9: =IFERROR(AVERAGEIFS('All Runs'!$L$2:$L$38,'All Runs'!$D$2:$D$38,"Final A/B (2.3.0)",'All Runs'!$F$2:$F$38,"2.3.0 full"),"-") -> 8.201 | E9: =IFERROR(AVERAGEIFS('All Runs'!$M$2:$M$38,'All Runs'!$D$2:$D$38,"Final A/B (2.3.0)",'All Runs'!$F$2:$F$38,"2.3.0 full"),"-") -> 9.4075 | F9: =IFERROR(AVERAGEIFS('All Runs'!$N$2:$N$38,'All Runs'!$D$2:$D$38,"Final A/B (2.3.0)",'All Runs'!$F$2:$F$38,"2.3.0 full"),"-") -> 15.7715 | G9: =IFERROR(AVERAGEIFS('All Runs'!$P$2:$P$38,'All Runs'!$D$2:$D$38,"Final A/B (2.3.0)",'All Runs'!$F$2:$F$38,"2.3.0 full"),"-") -> 347 | H9: =IFERROR(AVERAGEIFS('All Runs'!$R$2:$R$38,'All Runs'!$D$2:$D$38,"Final A/B (2.3.0)",'All Runs'!$F$2:$F$38,"2.3.0 full"),"-") -> 7.6373766 | I9: =IFERROR(AVERAGEIFS('All Runs'!$S$2:$S$38,'All Runs'!$D$2:$D$38,"Final A/B (2.3.0)",'All Runs'!$F$2:$F$38,"2.3.0 full"),"-") -> 2.5548893 | J9: =IFERROR(C9/C$7,"-") -> 4.0252368
A12: 2. Feature matrix — what each new feature adds (comp test map)
A13: Earlier 2.3.0 build (before CentralPlaceableTick and AudioEmitterIdleSkip existed). Shows the two biggest features alone and together.
A14: Configuration | B14: Runs | C14: Mean FPS | D14: p95 frame (ms) | E14: p99 frame (ms) | F14: Max frame (ms) | G14: Frames >8.33 ms | H14: Physics-step frame (ms) | I14: Frame without step (ms) | J14: FPS vs first row
A15: Vanilla (mod switched off) | B15: =COUNTIFS('All Runs'!$D$2:$D$38,"Feature matrix",'All Runs'!$F$2:$F$38,"Vanilla (perf mod switched off)") -> 2 | C15: =IFERROR(AVERAGEIFS('All Runs'!$J$2:$J$38,'All Runs'!$D$2:$D$38,"Feature matrix",'All Runs'!$F$2:$F$38,"Vanilla (perf mod switched off)"),"-") -> 65.945 | D15: =IFERROR(AVERAGEIFS('All Runs'!$L$2:$L$38,'All Runs'!$D$2:$D$38,"Feature matrix",'All Runs'!$F$2:$F$38,"Vanilla (perf mod switched off)"),"-") -> 19.653 | E15: =IFERROR(AVERAGEIFS('All Runs'!$M$2:$M$38,'All Runs'!$D$2:$D$38,"Feature matrix",'All Runs'!$F$2:$F$38,"Vanilla (perf mod switched off)"),"-") -> 29.486 | F15: =IFERROR(AVERAGEIFS('All Runs'!$N$2:$N$38,'All Runs'!$D$2:$D$38,"Feature matrix",'All Runs'!$F$2:$F$38,"Vanilla (perf mod switched off)"),"-") -> 40.9275 | G15: =IFERROR(AVERAGEIFS('All Runs'!$P$2:$P$38,'All Runs'!$D$2:$D$38,"Feature matrix",'All Runs'!$F$2:$F$38,"Vanilla (perf mod switched off)"),"-") -> 1770 | H15: =IFERROR(AVERAGEIFS('All Runs'!$R$2:$R$38,'All Runs'!$D$2:$D$38,"Feature matrix",'All Runs'!$F$2:$F$38,"Vanilla (perf mod switched off)"),"-") -> 16.425079 | I15: =IFERROR(AVERAGEIFS('All Runs'!$S$2:$S$38,'All Runs'!$D$2:$D$38,"Feature matrix",'All Runs'!$F$2:$F$38,"Vanilla (perf mod switched off)"),"-") -> 4.4907806 | J15: =IFERROR(C15/C$15,"-") -> 1
A16: 2.2.0 level (new features off) | B16: =COUNTIFS('All Runs'!$D$2:$D$38,"Feature matrix",'All Runs'!$F$2:$F$38,"2.2-equivalent (2.3 features off)") -> 2 | C16: =IFERROR(AVERAGEIFS('All Runs'!$J$2:$J$38,'All Runs'!$D$2:$D$38,"Feature matrix",'All Runs'!$F$2:$F$38,"2.2-equivalent (2.3 features off)"),"-") -> 190.985 | D16: =IFERROR(AVERAGEIFS('All Runs'!$L$2:$L$38,'All Runs'!$D$2:$D$38,"Feature matrix",'All Runs'!$F$2:$F$38,"2.2-equivalent (2.3 features off)"),"-") -> 11.1585 | E16: =IFERROR(AVERAGEIFS('All Runs'!$M$2:$M$38,'All Runs'!$D$2:$D$38,"Feature matrix",'All Runs'!$F$2:$F$38,"2.2-equivalent (2.3 features off)"),"-") -> 12.86 | F16: =IFERROR(AVERAGEIFS('All Runs'!$N$2:$N$38,'All Runs'!$D$2:$D$38,"Feature matrix",'All Runs'!$F$2:$F$38,"2.2-equivalent (2.3 features off)"),"-") -> 23.6315 | G16: =IFERROR(AVERAGEIFS('All Runs'!$P$2:$P$38,'All Runs'!$D$2:$D$38,"Feature matrix",'All Runs'!$F$2:$F$38,"2.2-equivalent (2.3 features off)"),"-") -> 1807.5 | H16: =IFERROR(AVERAGEIFS('All Runs'!$R$2:$R$38,'All Runs'!$D$2:$D$38,"Feature matrix",'All Runs'!$F$2:$F$38,"2.2-equivalent (2.3 features off)"),"-") -> 10.155158 | I16: =IFERROR(AVERAGEIFS('All Runs'!$S$2:$S$38,'All Runs'!$D$2:$D$38,"Feature matrix",'All Runs'!$F$2:$F$38,"2.2-equivalent (2.3 features off)"),"-") -> 2.9803505 | J16: =IFERROR(C16/C$15,"-") -> 2.8961256
A17: + CentralBlockLoops only | B17: =COUNTIFS('All Runs'!$D$2:$D$38,"Feature matrix",'All Runs'!$F$2:$F$38,"2.3.0 without StaticBlocks") -> 2 | C17: =IFERROR(AVERAGEIFS('All Runs'!$J$2:$J$38,'All Runs'!$D$2:$D$38,"Feature matrix",'All Runs'!$F$2:$F$38,"2.3.0 without StaticBlocks"),"-") -> 213.94 | D17: =IFERROR(AVERAGEIFS('All Runs'!$L$2:$L$38,'All Runs'!$D$2:$D$38,"Feature matrix",'All Runs'!$F$2:$F$38,"2.3.0 without StaticBlocks"),"-") -> 10.133 | E17: =IFERROR(AVERAGEIFS('All Runs'!$M$2:$M$38,'All Runs'!$D$2:$D$38,"Feature matrix",'All Runs'!$F$2:$F$38,"2.3.0 without StaticBlocks"),"-") -> 11.4945 | F17: =IFERROR(AVERAGEIFS('All Runs'!$N$2:$N$38,'All Runs'!$D$2:$D$38,"Feature matrix",'All Runs'!$F$2:$F$38,"2.3.0 without StaticBlocks"),"-") -> 22.715 | G17: =IFERROR(AVERAGEIFS('All Runs'!$P$2:$P$38,'All Runs'!$D$2:$D$38,"Feature matrix",'All Runs'!$F$2:$F$38,"2.3.0 without StaticBlocks"),"-") -> 1657.5 | H17: =IFERROR(AVERAGEIFS('All Runs'!$R$2:$R$38,'All Runs'!$D$2:$D$38,"Feature matrix",'All Runs'!$F$2:$F$38,"2.3.0 without StaticBlocks"),"-") -> 9.4081638 | I17: =IFERROR(AVERAGEIFS('All Runs'!$S$2:$S$38,'All Runs'!$D$2:$D$38,"Feature matrix",'All Runs'!$F$2:$F$38,"2.3.0 without StaticBlocks"),"-") -> 2.8308851 | J17: =IFERROR(C17/C$15,"-") -> 3.2442187
A18: + StaticBlocks only | B18: =COUNTIFS('All Runs'!$D$2:$D$38,"Feature matrix",'All Runs'!$F$2:$F$38,"2.3.0 without CentralBlockLoops") -> 2 | C18: =IFERROR(AVERAGEIFS('All Runs'!$J$2:$J$38,'All Runs'!$D$2:$D$38,"Feature matrix",'All Runs'!$F$2:$F$38,"2.3.0 without CentralBlockLoops"),"-") -> 223.28 | D18: =IFERROR(AVERAGEIFS('All Runs'!$L$2:$L$38,'All Runs'!$D$2:$D$38,"Feature matrix",'All Runs'!$F$2:$F$38,"2.3.0 without CentralBlockLoops"),"-") -> 9.6095 | E18: =IFERROR(AVERAGEIFS('All Runs'!$M$2:$M$38,'All Runs'!$D$2:$D$38,"Feature matrix",'All Runs'!$F$2:$F$38,"2.3.0 without CentralBlockLoops"),"-") -> 11.3245 | F18: =IFERROR(AVERAGEIFS('All Runs'!$N$2:$N$38,'All Runs'!$D$2:$D$38,"Feature matrix",'All Runs'!$F$2:$F$38,"2.3.0 without CentralBlockLoops"),"-") -> 18.5425 | G18: =IFERROR(AVERAGEIFS('All Runs'!$P$2:$P$38,'All Runs'!$D$2:$D$38,"Feature matrix",'All Runs'!$F$2:$F$38,"2.3.0 without CentralBlockLoops"),"-") -> 1127.5 | H18: =IFERROR(AVERAGEIFS('All Runs'!$R$2:$R$38,'All Runs'!$D$2:$D$38,"Feature matrix",'All Runs'!$F$2:$F$38,"2.3.0 without CentralBlockLoops"),"-") -> 8.8602638 | I18: =IFERROR(AVERAGEIFS('All Runs'!$S$2:$S$38,'All Runs'!$D$2:$D$38,"Feature matrix",'All Runs'!$F$2:$F$38,"2.3.0 without CentralBlockLoops"),"-") -> 2.8667488 | J18: =IFERROR(C18/C$15,"-") -> 3.3858518
A19: + both (CentralBlockLoops + StaticBlocks) | B19: =COUNTIFS('All Runs'!$D$2:$D$38,"Feature matrix",'All Runs'!$F$2:$F$38,"2.3.0 full") -> 2 | C19: =IFERROR(AVERAGEIFS('All Runs'!$J$2:$J$38,'All Runs'!$D$2:$D$38,"Feature matrix",'All Runs'!$F$2:$F$38,"2.3.0 full"),"-") -> 238.545 | D19: =IFERROR(AVERAGEIFS('All Runs'!$L$2:$L$38,'All Runs'!$D$2:$D$38,"Feature matrix",'All Runs'!$F$2:$F$38,"2.3.0 full"),"-") -> 9.043 | E19: =IFERROR(AVERAGEIFS('All Runs'!$M$2:$M$38,'All Runs'!$D$2:$D$38,"Feature matrix",'All Runs'!$F$2:$F$38,"2.3.0 full"),"-") -> 10.5785 | F19: =IFERROR(AVERAGEIFS('All Runs'!$N$2:$N$38,'All Runs'!$D$2:$D$38,"Feature matrix",'All Runs'!$F$2:$F$38,"2.3.0 full"),"-") -> 18.626 | G19: =IFERROR(AVERAGEIFS('All Runs'!$P$2:$P$38,'All Runs'!$D$2:$D$38,"Feature matrix",'All Runs'!$F$2:$F$38,"2.3.0 full"),"-") -> 741 | H19: =IFERROR(AVERAGEIFS('All Runs'!$R$2:$R$38,'All Runs'!$D$2:$D$38,"Feature matrix",'All Runs'!$F$2:$F$38,"2.3.0 full"),"-") -> 8.3496683 | I19: =IFERROR(AVERAGEIFS('All Runs'!$S$2:$S$38,'All Runs'!$D$2:$D$38,"Feature matrix",'All Runs'!$F$2:$F$38,"2.3.0 full"),"-") -> 2.792145 | J19: =IFERROR(C19/C$15,"-") -> 3.6173326
A22: 3. First comp-map comparison — 2.2.0 vs vanilla
A23: First runs on the comp test map, before 2.3.0 existed. Shows that 2.2.0 already fixed most of the lag on this map.
A24: Configuration | B24: Runs | C24: Mean FPS | D24: p95 frame (ms) | E24: p99 frame (ms) | F24: Max frame (ms) | G24: Frames >8.33 ms | H24: Physics-step frame (ms) | I24: Frame without step (ms) | J24: FPS vs first row
A25: Vanilla (mod switched off) | B25: =COUNTIFS('All Runs'!$D$2:$D$38,"Comp map first A/B",'All Runs'!$F$2:$F$38,"Vanilla (perf mod switched off)") -> 2 | C25: =IFERROR(AVERAGEIFS('All Runs'!$J$2:$J$38,'All Runs'!$D$2:$D$38,"Comp map first A/B",'All Runs'!$F$2:$F$38,"Vanilla (perf mod switched off)"),"-") -> 56.495 | D25: =IFERROR(AVERAGEIFS('All Runs'!$L$2:$L$38,'All Runs'!$D$2:$D$38,"Comp map first A/B",'All Runs'!$F$2:$F$38,"Vanilla (perf mod switched off)"),"-") -> 26.949 | E25: =IFERROR(AVERAGEIFS('All Runs'!$M$2:$M$38,'All Runs'!$D$2:$D$38,"Comp map first A/B",'All Runs'!$F$2:$F$38,"Vanilla (perf mod switched off)"),"-") -> 34.064 | F25: =IFERROR(AVERAGEIFS('All Runs'!$N$2:$N$38,'All Runs'!$D$2:$D$38,"Comp map first A/B",'All Runs'!$F$2:$F$38,"Vanilla (perf mod switched off)"),"-") -> 71.1655 | G25: =IFERROR(AVERAGEIFS('All Runs'!$P$2:$P$38,'All Runs'!$D$2:$D$38,"Comp map first A/B",'All Runs'!$F$2:$F$38,"Vanilla (perf mod switched off)"),"-") -> 1612.5 | H25: =IFERROR(AVERAGEIFS('All Runs'!$R$2:$R$38,'All Runs'!$D$2:$D$38,"Comp map first A/B",'All Runs'!$F$2:$F$38,"Vanilla (perf mod switched off)"),"-") -> 18.528116 | I25: =IFERROR(AVERAGEIFS('All Runs'!$S$2:$S$38,'All Runs'!$D$2:$D$38,"Comp map first A/B",'All Runs'!$F$2:$F$38,"Vanilla (perf mod switched off)"),"-") -> 4.4266219 | J25: =IFERROR(C25/C$25,"-") -> 1
A26: 2.2.0 | B26: =COUNTIFS('All Runs'!$D$2:$D$38,"Comp map first A/B",'All Runs'!$F$2:$F$38,"2.2.0") -> 2 | C26: =IFERROR(AVERAGEIFS('All Runs'!$J$2:$J$38,'All Runs'!$D$2:$D$38,"Comp map first A/B",'All Runs'!$F$2:$F$38,"2.2.0"),"-") -> 201.89 | D26: =IFERROR(AVERAGEIFS('All Runs'!$L$2:$L$38,'All Runs'!$D$2:$D$38,"Comp map first A/B",'All Runs'!$F$2:$F$38,"2.2.0"),"-") -> 10.75 | E26: =IFERROR(AVERAGEIFS('All Runs'!$M$2:$M$38,'All Runs'!$D$2:$D$38,"Comp map first A/B",'All Runs'!$F$2:$F$38,"2.2.0"),"-") -> 12.7225 | F26: =IFERROR(AVERAGEIFS('All Runs'!$N$2:$N$38,'All Runs'!$D$2:$D$38,"Comp map first A/B",'All Runs'!$F$2:$F$38,"2.2.0"),"-") -> 27.069 | G26: =IFERROR(AVERAGEIFS('All Runs'!$P$2:$P$38,'All Runs'!$D$2:$D$38,"Comp map first A/B",'All Runs'!$F$2:$F$38,"2.2.0"),"-") -> 1788.5 | H26: =IFERROR(AVERAGEIFS('All Runs'!$R$2:$R$38,'All Runs'!$D$2:$D$38,"Comp map first A/B",'All Runs'!$F$2:$F$38,"2.2.0"),"-") -> 9.8694196 | I26: =IFERROR(AVERAGEIFS('All Runs'!$S$2:$S$38,'All Runs'!$D$2:$D$38,"Comp map first A/B",'All Runs'!$F$2:$F$38,"2.2.0"),"-") -> 2.8735802 | J26: =IFERROR(C26/C$25,"-") -> 3.5735906
A29: How to read this
A30: • Higher Mean FPS is better; lower frame times (ms) and fewer slow frames are better.
A31: • "Frames >8.33 ms" = frames slower than 120 FPS in a 30 s run: these are the visible stutters.
A32: • UCH simulates physics 60 times per second; frames that contain a physics step are the slow ones, so "Physics-step frame" is the key lag number.
A33: • Configuration names come from the mod settings saved in each run report. See "Legend" for every column and caveats.
A34: • Runs vary by about ±2-5 % between identical setups; compare averages of several runs, not single runs.

Sheet All Runs
A1: Run ID | B1: Date | C1: Label | D1: Series | E1: Map | F1: Mod config | G1: FPS cap | H1: Probes | I1: Duration (s) | J1: Mean FPS | K1: p50 frame (ms) | L1: p95 frame (ms) | M1: p99 frame (ms) | N1: Max frame (ms) | O1: Frames >4.17 ms | P1: Frames >8.33 ms | Q1: Frames >16.67 ms | R1: Physics-step frame (ms) | S1: Frame without step (ms) | T1: Slowest 5% frame (ms) | U1: Step frames | V1: FixedUpdate per step (ms) | W1: Physics bracket per step (ms) | X1: Unbracketed per step (ms) | Y1: Update mean (ms) | Z1: Render bracket mean (ms) | AA1: Anim/coroutine gap mean (ms) | AB1: Present gap mean (ms) | AC1: Draw calls mean | AD1: Bodies | AE1: Awake bodies | AF1: Static bodies | AG1: ActiveBlocks | AH1: Placeables | AI1: Animators | AJ1: Projectiles | AK1: GC (gen0) | AL1: Perf mod version | AM1: Perf Test version | AN1: Notes
A2: 20261024-225337_comp-vanilla-a | B2: 46319.954 | C2: comp-vanilla-a | D2: Comp map first A/B | E2: Comp test map (code 800M-VDMW) | F2: Vanilla (perf mod switched off) | G2: Uncapped (game target 1000) | H2: OFF | I2: 30 | J2: 49.35 | K2: 17.937 | L2: 33.697 | M2: 37.226 | N2: 67.362 | O2: 1481 | P2: 1476 | Q2: 921 | R2: 20.312877 | S2: 4.32485 | T2: 36.325024 | U2: 1475 | V2: 2.8680586 | W2: 11.459372 | X2: 3.8477626 | Y2: 0.808 | Z2: 1.23 | AA2: 1.152 | AB2: 0.143 | AC2: 51.921 | AD2: 2928.5 | AE2: 2928.5 | AF2: 0 | AG2: 933 | AH2: 2848 | AI2: 322.5 | AJ2: 0 | AK2: 1 | AL2: 2.2.0 | AM2: 1.2.0 | AN2: First runs on the comp test map with 2.2.0, cap lifted to 1000.
A3: 20261024-225520_comp-perf-a | B3: 46319.955 | C3: comp-perf-a | D3: Comp map first A/B | E3: Comp test map (code 800M-VDMW) | F3: 2.2.0 | G3: Uncapped (game target 1000) | H3: OFF | I3: 30 | J3: 205.68 | K3: 2.881 | L3: 10.604 | M3: 12.585 | N3: 27.352 | O3: 1903 | P3: 1781 | Q3: 10 | R3: 9.7994573 | S3: 2.8275429 | T3: 11.955429 | U3: 1799 | V3: 1.4082408 | W3: 3.2829832 | X3: 3.1373713 | Y3: 0.686 | Z3: 0.996 | AA3: 0.816 | AB3: 0.3 | AC3: 51.872 | AD3: 2925 | AE3: 2925 | AF3: 0 | AG3: 933 | AH3: 2848 | AI3: 315.333 | AJ3: 3.667 | AK3: 1 | AL3: 2.2.0 | AM3: 1.2.0 | AN3: First runs on the comp test map with 2.2.0, cap lifted to 1000.
A4: 20261024-225701_comp-perf-b | B4: 46319.956 | C4: comp-perf-b | D4: Comp map first A/B | E4: Comp test map (code 800M-VDMW) | F4: 2.2.0 | G4: Uncapped (game target 1000) | H4: OFF | I4: 30 | J4: 198.1 | K4: 3.001 | L4: 10.896 | M4: 12.86 | N4: 26.786 | O4: 1921 | P4: 1796 | Q4: 5 | R4: 9.9393818 | S4: 2.9196175 | T4: 12.140435 | U4: 1800 | V4: 1.4190897 | W4: 3.2455548 | X4: 3.2497286 | Y4: 0.708 | Z4: 1.021 | AA4: 0.859 | AB4: 0.312 | AC4: 51.83 | AD4: 2925 | AE4: 2925 | AF4: 0 | AG4: 933 | AH4: 2848 | AI4: 318 | AJ4: 1 | AK4: 1 | AL4: 2.2.0 | AM4: 1.2.0 | AN4: First runs on the comp test map with 2.2.0, cap lifted to 1000.
A5: 20261024-225843_comp-vanilla-b | B5: 46319.957 | C5: comp-vanilla-b | D5: Comp map first A/B | E5: Comp test map (code 800M-VDMW) | F5: Vanilla (perf mod switched off) | G5: Uncapped (game target 1000) | H5: OFF | I5: 30 | J5: 63.64 | K5: 15.583 | L5: 20.201 | M5: 30.902 | N5: 74.969 | O5: 1868 | P5: 1749 | Q5: 704 | R5: 16.743354 | S5: 4.5283939 | T5: 27.011514 | U5: 1747 | V5: 2.2829242 | W5: 9.2687969 | X5: 3.2257827 | Y5: 0.73 | Z5: 1.121 | AA5: 1.011 | AB5: 0.284 | AC5: 52.032 | AD5: 2928.5 | AE5: 2928.5 | AF5: 0 | AG5: 933 | AH5: 2848 | AI5: 322.5 | AJ5: 0 | AK5: 1 | AL5: 2.2.0 | AM5: 1.2.0 | AN5: First runs on the comp test map with 2.2.0, cap lifted to 1000.
A6: 20261024-230710_exp-base | B6: 46319.963 | C6: exp-base | D6: Live experiments | E6: Comp test map (code 800M-VDMW) | F6: 2.2.0 | G6: Uncapped (game target 1000) | H6: OFF | I6: 20 | J6: 212.47 | K6: 2.839 | L6: 10.325 | M6: 11.544 | N6: 21.507 | O6: 1242 | P6: 1182 | Q6: 1 | R6: 9.5795533 | S6: 2.7844801 | T6: 11.056401 | U6: 1200 | V6: 1.3843451 | W6: 3.0847887 | X6: 3.1049733 | Y6: 0.68 | Z6: 0.982 | AA6: 0.824 | AB6: 0.297 | AC6: 51.038 | AD6: 2928.5 | AE6: 2928.5 | AF6: 0 | AG6: 933 | AH6: 2848 | AI6: 322.5 | AJ6: 0 | AK6: 0 | AL6: 2.2.0 | AM6: 1.2.0 | AN6: Baseline for live experiments (2.2.0).
A7: 20261024-230752_exp-sleep | B7: 46319.964 | C7: exp-sleep | D7: Live experiments | E7: Comp test map (code 800M-VDMW) | F7: 2.2.0 | G7: Uncapped (game target 1000) | H7: OFF | I7: 20 | J7: 220.5 | K7: 2.903 | L7: 9.785 | M7: 11.223 | N7: 23.506 | O7: 1255 | P7: 869 | Q7: 1 | R7: 8.9968171 | S7: 2.8615191 | T7: 10.662903 | U7: 1201 | V7: 1.4386321 | W7: 2.3562696 | X7: 3.1797546 | Y7: 0.692 | Z7: 1.001 | AA7: 0.835 | AB7: 0.316 | AC7: 49.964 | AD7: 2933.5 | AE7: 1067.5 | AF7: 0 | AG7: 933 | AH7: 2848 | AI7: 323.5 | AJ7: 4 | AK7: 1 | AL7: 2.2.0 | AM7: 1.2.0 | AN7: 1,866 plain blocks set to sleep.
A8: 20261024-230824_exp-static | B8: 46319.964 | C8: exp-static | D8: Live experiments | E8: Comp test map (code 800M-VDMW) | F8: 2.2.0 | G8: Uncapped (game target 1000) | H8: OFF | I8: 20 | J8: 246.31 | K8: 2.725 | L8: 8.78 | M8: 10.043 | N8: 17.563 | O8: 1234 | P8: 402 | Q8: 1 | R8: 8.1931423 | S8: 2.7247331 | T8: 9.5335785 | U8: 1201 | V8: 1.3186107 | W8: 1.8810285 | X8: 3.0330252 | Y8: 0.671 | Z8: 0.962 | AA8: 0.801 | AB8: 0.276 | AC8: 50.211 | AD8: 2930.5 | AE8: 1064.5 | AF8: 1866 | AG8: 933 | AH8: 2848 | AI8: 324 | AJ8: 0.5 | AK8: 0 | AL8: 2.2.0 | AM8: 1.2.0 | AN8: 1,866 plain blocks switched to Static (became Physics/StaticBlocks).
A9: 20261024-230923_exp-static2 | B9: 46319.965 | C9: exp-static2 | D9: Live experiments | E9: Comp test map (code 800M-VDMW) | F9: 2.2.0 | G9: Uncapped (game target 1000) | H9: OFF | I9: 20 | J9: 242.34 | K9: 2.791 | L9: 8.866 | M9: 10.698 | N9: 18.449 | O9: 1266 | P9: 432 | Q9: 1 | R9: 8.2419235 | S9: 2.7689993 | T9: 9.909195 | U9: 1200 | V9: 1.3559303 | W9: 1.7433013 | X9: 3.1290448 | Y9: 0.687 | Z9: 0.983 | AA9: 0.822 | AB9: 0.272 | AC9: 49.153 | AD9: 2917 | AE9: 759 | AF9: 2158 | AG9: 933 | AH9: 2848 | AI9: 311 | AJ9: 0 | AK9: 0 | AL9: 2.2.0 | AM9: 1.2.0 | AN9: +292 more non-mover bodies Static (no extra gain).
A10: 20261024-231055_exp-static2-noMLB | B10: 46319.966 | C10: exp-static2-noMLB | D10: Live experiments | E10: Comp test map (code 800M-VDMW) | F10: 2.2.0 | G10: Uncapped (game target 1000) | H10: OFF | I10: 20 | J10: 258.69 | K10: 2.737 | L10: 8.13 | M10: 9.372 | N10: 16.478 | O10: 1233 | P10: 202 | Q10: 0 | R10: 7.605792 | S10: 2.7327018 | T10: 8.8592857 | U10: 1201 | V10: 1.3458154 | W10: 1.7325604 | X10: 2.5643173 | Y10: 0.678 | Z10: 0.962 | AA10: 0.811 | AB10: 0.263 | AC10: 48.767 | AD10: 2928.5 | AE10: 770.5 | AF10: 2158 | AG10: 933 | AH10: 2848 | AI10: 311 | AJ10: 11.5 | AK10: 1 | AL10: 2.2.0 | AM10: 1.2.0 | AN10: +428 MovingLevelBlock act coroutines stopped (became CPU/CentralBlockLoops).
A11: 20261024-231320_exp-noPlaceableFixed | B11: 46319.968 | C11: exp-noPlaceableFixed | D11: Live experiments | E11: Comp test map (code 800M-VDMW) | F11: 2.2.0 | G11: Uncapped (game target 1000) | H11: OFF | I11: 20 | J11: 211.01 | K11: 3.228 | L11: 10.77 | M11: 12.946 | N11: 18.149 | O11: 1547 | P11: 528 | Q11: 1 | R11: 8.6517938 | S11: 3.1796357 | T11: 12.101881 | U11: 1201 | V11: 1.0664657 | W11: 2.0589237 | X11: 3.152219 | Y11: 0.828 | Z11: 1.124 | AA11: 0.975 | AB11: 0.296 | AC11: 49.123 | AD11: 2940 | AE11: 782 | AF11: 2158 | AG11: 933 | AH11: 2848 | AI11: 331 | AJ11: 3 | AK11: 1 | AL11: 2.2.0 | AM11: 1.2.0 | AN11: 1,908 plain Placeables disabled (became CPU/CentralPlaceableTick). Noisy: research agents were using CPU.
A12: 20261024-232532_v230-first | B12: 46319.976 | C12: v230-first | D12: Dev builds 2.3.0 | E12: Comp test map (code 800M-VDMW) | F12: 2.3.0 full | G12: Uncapped (game target 1000) | H12: OFF | I12: 20 | J12: 224.56 | K12: 2.848 | L12: 9.739 | M12: 12.156 | N12: 19.568 | O12: 1272 | P12: 722 | Q12: 2 | R12: 8.9298066 | S12: 2.815792 | T12: 11.069728 | U12: 1201 | V12: 1.3979337 | W12: 4.2411658 | X12: 1.2426277 | Y12: 0.712 | Z12: 1.009 | AA12: 0.822 | AB12: 0.262 | AC12: 51.7 | AD12: 2928.5 | AE12: 1028.5 | AF12: 1900 | AG12: 933 | AH12: 2848 | AI12: 322.5 | AJ12: 0 | AK12: 0 | AL12: 2.3.0 | AM12: 1.2.0 | AN12: Single checks while developing 2.3.0.
A13: 20261024-232857_m-base-a | B13: 46319.978 | C13: m-base-a | D13: Feature matrix | E13: Comp test map (code 800M-VDMW) | F13: 2.2-equivalent (2.3 features off) | G13: Uncapped (game target 1000) | H13: OFF | I13: 30 | J13: 187.59 | K13: 3.135 | L13: 11.392 | M13: 12.891 | N13: 24.642 | O13: 1914 | P13: 1810 | Q13: 1 | R13: 10.240255 | S13: 3.0184036 | T13: 12.369719 | U13: 1800 | V13: 1.4783365 | W13: 3.3915536 | X13: 3.289561 | Y13: 0.729 | Z13: 1.065 | AA13: 0.883 | AB13: 0.307 | AC13: 51.822 | AD13: 2928.5 | AE13: 2928.5 | AF13: 0 | AG13: 933 | AH13: 2848 | AI13: 321.5 | AJ13: 1 | AK13: 1 | AL13: 2.3.0 | AM13: 1.2.0 | AN13: Restart per run: 2.2-equivalent, each new feature alone, both (before tick/audio features existed).
... A38: 20261025-000924_f-base-b | B38: 46320.007 | C38: f-base-b | D38: Final A/B (2.3.0) | E38: Comp test map (code 800M-VDMW) | F38: 2.2-equivalent (2.3 features off) | G38: Uncapped (game target 1000) | H38: OFF | I38: 30 | J38: 209.45 | K38: 2.91 | L38: 10.276 | M38: 11.427 | N38: 21.886 | O38: 1880 | P38: 1788 | Q38: 1 | R38: 9.5621724 | S38: 2.848474 | T38: 11.001904 | U38: 1801 | V38: 1.3899886 | W38: 2.9933348 | X38: 3.1654051 | Y38: 0.699 | Z38: 0.995 | AA38: 0.862 | AB38: 0.289 | AC38: 51.888 | AD38: 2928.5 | AE38: 2928.5 | AF38: 0 | AG38: 933 | AH38: 2848 | AI38: 318.5 | AJ38: 4 | AK38: 1 | AL38: 2.3.0 | AM38: 1.2.0 | AN38: Restart per run, cap lifted to 1000: vanilla vs 2.2-equivalent (2.3 features off) vs 2.3.0.

Sheet Legend
A1: Legend & method
A3: Test setup
A4: Hardware | B4: AMD Ryzen 5 5600X, NVIDIA RTX 4060, 1920x1080, VSync off.
A5: Procedure | B5: Fully automated through an in-game automation bridge: launch UCH, enter free play on the map, invincible chicken, 15 s warm-up, then record (30 s for A/B runs, 15-20 s for live experiments). Restart between configurations because mod settings are read at game start.
A6: Order | B6: A/B runs use mirrored order (A, B, B, A) to cancel drift. Only the measurement tool, the perf mod, the automation bridge and one art mod were loaded.
A7: FPS caps | B7: All runs lifted the NVIDIA cap, driver VSync and the game's own 300 FPS target (raised to 1000 at runtime, test only), so results are not hidden by a cap.
A8: Map | B8: Comp test map, UCH level code 800M-VDMW: a real map plus every block placed in competitive play: 2,848 blocks, 933 active blocks, 2,924 physics bodies, 107 ferris wheels. Earlier runs on a lighter test map were capped and are not included.
A9: Live experiments | B9: Series "Live experiments", "Update ablation": changes applied inside one running game for testing only (not mod features). They show what a change could gain before it was built properly.
A11: Columns
A12: Mean FPS | B12: Frames divided by total time over the run (not an average of per-frame FPS).
A13: p50/p95/p99/Max frame | B13: Frame time percentiles in milliseconds: p99 = 99 % of frames were faster than this.
A14: Frames >4.17 / >8.33 / >16.67 ms | B14: Number of frames slower than 240 / 120 / 60 FPS during the run.
A15: Physics-step frame | B15: Average duration of frames that contained a physics step (60 per second). Where the lag lives.
A16: Frame without step | B16: Average duration of frames without a physics step.
A17: Slowest 5% frame | B17: Average of the slowest 5 % of frames.
A18: FixedUpdate / Physics bracket / Unbracketed per step | B18: Timing buckets inside physics-step frames. The physics bracket ends at the measurement tool's own after-physics callback, so per-block loops run after it land in "Unbracketed" (vanilla/2.2) or inside the bracket (2.3.0 runs them earlier). Compare whole-frame numbers across versions.
A19: Update / Render / Anim gap / Present gap | B19: Average per-frame time for scripts' Update, render submission, animators+particles+coroutines, and present/input.
A20: Draw calls | B20: Unity draw calls per frame (free-play camera follows the player).
A21: Bodies / Awake / Static / ActiveBlocks / Placeables / Animators / Projectiles | B21: Scene census taken during the run (averages of census passes).
A22: GC (gen0) | B22: Garbage collections during the run.
A23: Mod config | B23: Derived from the mod settings snapshot in each report: "2.2-equivalent" = 2.3.0 with its four new features switched off.
A25: Caveats
A26: Scope | B26: All runs are local free play with one player. Real versus rounds and online play were not benchmarked.
A27: Noise | B27: Identical runs differ by about ±2-5 %. One live experiment (exp-noPlaceableFixed) ran while other CPU work was active and is noisy.
